S.No,Category,title,categoryName,address,street,city,neighborhood,postalCode,state,countryCode,phone,phoneUnformatted,website,totalScore,reviewsCount,placeId,url,permanentlyClosed,temporarilyClosed,price,description,source
1,Food & Cafes,Batra Bakers - Best bakery Shop in Malviya Nagar,Bakery,"Shop No. 24, Old Market, Malviya Nagar, New Delhi, Delhi 110017, India",Shop No. 24,New Delhi,"Old Market, Malviya Nagar",110017,Delhi,IN,+91 98100 56210,9.20E+11,,3.6,413,ChIJ0cWqiBziDDkR4Mz4RASHB_A,https://www.google.com/maps/search/?api=1&query=Batra%20Bakers%20-%20Best%20bakery%20Shop%20in%20Malviya%20Nagar&query_place_id=ChIJ0cWqiBziDDkR4Mz4RASHB_A,FALSE,FALSE,₹200–400,,Original scrape (files 1-3)
2,Food & Cafes,CHILL-E-PEPPER,Fast food restaurant,"SHOP NO 7 MCD SHOP, Main Rd, opp. VANHUESEN SHOWROOM ON, Malviya Nagar, New Delhi, Delhi 110017, India","SHOP NO 7 MCD SHOP, Main Rd, opp. VANHUESEN SHOWROOM ON",New Delhi,"Old Market, Malviya Nagar",110017,Delhi,IN,+91 63066 67336,9.16E+11,,4.1,148,ChIJ_WQpCmLjDDkRJk3S9BCs9E4,https://www.google.com/maps/search/?api=1&query=CHILL-E-PEPPER&query_place_id=ChIJ_WQpCmLjDDkRJk3S9BCs9E4,FALSE,FALSE,₹1–200,,Original scrape (files 1-3)
3,Food & Cafes,"Domino's Pizza | Malviya Nagar, New Delhi",Pizza restaurant,"Old Market, C-7, Malviya Nagar, New Delhi, Delhi 110017, India",,New Delhi,"Old Market, C-7, Malviya Nagar",110017,Delhi,IN,+91 1800 208 1234,,https://dominos.co.in/,3.9,4088,ChIJyynPBhziDDkRg3mmnoyaPvs,https://www.google.com/maps/search/?api=1&query=Domino's%20Pizza%20%7C%20Malviya%20Nagar%2C%20New%20Delhi&query_place_id=ChIJyynPBhziDDkRg3mmnoyaPvs,FALSE,FALSE,₹200–600,"Delivery, carryout & dine-in chain offering a wide range of pizzas, plus a variety of other dishes & sides.",Original scrape (files 1-3)
4,Food & Cafes,DosaZZ,Vegetarian restaurant,"ground floor, Main Market, A-78, Old Market, Malviya Nagar, New Delhi, Delhi 110017, India","ground floor, Main Market, A-78",New Delhi,"Old Market, Malviya Nagar",110017,Delhi,IN,,,,5,3,ChIJtWUwmXrhDDkRwnFskh2c5jk,https://www.google.com/maps/search/?api=1&query=DosaZZ&query_place_id=ChIJtWUwmXrhDDkRwnFskh2c5jk,FALSE,FALSE,,,Original scrape (files 1-3)
5,Food & Cafes,Downtown Dubai,Middle Eastern restaurant,"Main Market, 18, Malviya Nagar, New Delhi, Delhi 110017, India","Main Market, 18",New Delhi,"Old Market, Malviya Nagar",110017,Delhi,IN,+91 98991 30755,9.20E+11,http://downtowndubai.co.in/,4.8,270,ChIJY2AiIzLjDDkRHSr9SIlAGjU,https://www.google.com/maps/search/?api=1&query=Downtown%20Dubai&query_place_id=ChIJY2AiIzLjDDkRHSr9SIlAGjU,FALSE,FALSE,"₹200–1,200",,Original scrape (files 1-3)
6,Food & Cafes,Giani ice cream,Ice cream shop,"Main Market, Shop No-4 A-78, Guru Gobind Singh Marg, Malviya Nagar, New Delhi, Delhi 110017, India","Main Market, Shop No-4 A-78, Guru Gobind Singh Marg",New Delhi,"Old Market, Block C, Malviya Nagar",110017,Delhi,IN,+91 96500 30333,9.20E+11,https://gianiicecream.in/,4.2,607,ChIJSRQJBBziDDkRdvtD2diu39Y,https://www.google.com/maps/search/?api=1&query=Giani%20ice%20cream&query_place_id=ChIJSRQJBBziDDkRdvtD2diu39Y,FALSE,FALSE,,"Modern ice cream parlour chain serving frozen desserts including kulfi, faluda & sundaes.",Original scrape (files 1-3)
7,Food & Cafes,Haldiram's - Malviya Nagar,Family restaurant,"Plot No. C-9, Main Market, Malviya Nagar, New Delhi, Delhi 110017, India","Plot No. C-9, Main Market",New Delhi,"Old Market, Block C, Malviya Nagar",110017,Delhi,IN,+91 8071 890 164,9.18E+11,https://hrstores.haldiram.com/haldiram-s-malviya-nagar-restaurants-malviya-nagar-new-delhi-395070/Home?utm_source=locator&utm_medium=googleplaces,4.3,9177,ChIJ4dVaMAb7DDkRHk-rgcglZoE,https://www.google.com/maps/search/?api=1&query=Haldiram's%20-%20Malviya%20Nagar&query_place_id=ChIJ4dVaMAb7DDkRHk-rgcglZoE,FALSE,FALSE,,,Original scrape (files 1-3)
8,Food & Cafes,KFC,Chicken restaurant,"327 NW Garden Valley Blvd, Roseburg, OR 97470",327 NW Garden Valley Blvd,Roseburg,,97470,Oregon,US,(541) 673-5010,15416735010,https://locations.kfc.com/or/roseburg/327-northwest-garden-valley-boulevard,3.6,575,ChIJfZuau8YixFQRyrOE03nwtRg,https://www.google.com/maps/search/?api=1&query=KFC&query_place_id=ChIJfZuau8YixFQRyrOE03nwtRg,FALSE,FALSE,$10–20,"Restaurant chain known for its buckets of fried chicken, plus combo meals & sides.",Original scrape (files 1-3)
9,Food & Cafes,Moti Sweets मोती स्वीट्स,Candy store,"17 Main Market, Malviya Nagar, New Delhi, Delhi 110017, India",17 Main Market,New Delhi,"Old Market, Malviya Nagar",110017,Delhi,IN,+91 93100 00073,9.19E+11,http://motisweets.com/,4,3989,ChIJhfXX-R7iDDkRyxEY27pNkDU,https://www.google.com/maps/search/?api=1&query=Moti%20Sweets%20%E0%A4%AE%E0%A5%8B%E0%A4%A4%E0%A5%80%20%E0%A4%B8%E0%A5%8D%E0%A4%B5%E0%A5%80%E0%A4%9F%E0%A5%8D%E0%A4%B8&query_place_id=ChIJhfXX-R7iDDkRyxEY27pNkDU,FALSE,FALSE,,,Original scrape (files 1-3)
10,Food & Cafes,Nazeer Foods,Mughlai restaurant,"C-5, Guru Gobind Singh Marg, Block C, Malviya Nagar, New Delhi, Delhi 110017, India","C-5, Guru Gobind Singh Marg, Block C, Malviya Nagar",New Delhi,"Old Market, Block C, Malviya Nagar",110017,Delhi,IN,+91 98917 47171,9.20E+11,https://nazeerfoods.com/,3.8,1992,ChIJ0bzrABziDDkRPeeJtFp9Xqs,https://www.google.com/maps/search/?api=1&query=Nazeer%20Foods&query_place_id=ChIJ0bzrABziDDkRPeeJtFp9Xqs,FALSE,FALSE,"₹200–1,000",,Original scrape (files 1-3)
11,Food & Cafes,New Moti Chat Bhandar,Restaurant,"C-5, Block C, Malviya Nagar, New Delhi, Delhi 110016, India",C-5,New Delhi,"Block C, Malviya Nagar",110016,Delhi,IN,+91 88605 50002,9.19E+11,https://magicpin.in/New-Delhi/Malviya-Nagar/Restaurant/New-Moti-Chat-Bhandar/store/564bb8/?utm_source=gbp,5,2,ChIJSWqMEy4dDTkRiggMD8eEzrc,https://www.google.com/maps/search/?api=1&query=New%20Moti%20Chat%20Bhandar&query_place_id=ChIJSWqMEy4dDTkRiggMD8eEzrc,FALSE,FALSE,₹1–200,,Original scrape (files 1-3)
12,Food & Cafes,Nirula's Malviya Nagar,Fast food restaurant,"C 3, Old Market, Block C, Malviya Nagar, New Delhi, Delhi 110017, India",C 3,New Delhi,"Old Market, Block C, Malviya Nagar",110017,Delhi,IN,+91 1800 102 5247,,https://nirulas.com/,4,199,ChIJIZri_xviDDkRpU-qJhKaLUE,https://www.google.com/maps/search/?api=1&query=Nirula's%20Malviya%20Nagar&query_place_id=ChIJIZri_xviDDkRpU-qJhKaLUE,FALSE,FALSE,₹200–400,,Original scrape (files 1-3)
13,Food & Cafes,"Nothing Before Coffee - Malviya Nagar, New Delhi",Coffee shop,"Shop no 2&3, Ground Floor, A55, Old Market, Shivalik Colony, Malviya Nagar, New Delhi, Delhi 110017, India","Shop no 2&3, Ground Floor, A55",New Delhi,"Old Market, Shivalik Colony, Malviya Nagar",110017,Delhi,IN,+91 93542 15614,9.19E+11,https://stores.nothingbeforecoffee.com/nothing-before-coffee-in-delhi-delhi-new-delhi-60105,4.5,396,ChIJB5e8N2_jDDkRzhecGB-_Hgg,https://www.google.com/maps/search/?api=1&query=Nothing%20Before%20Coffee%20-%20Malviya%20Nagar%2C%20New%20Delhi&query_place_id=ChIJB5e8N2_jDDkRzhecGB-_Hgg,FALSE,FALSE,₹200–400,,Original scrape (files 1-3)
14,Food & Cafes,Olipo cafe & Best coffee cafe in malviya nagar,Cafe,"Old Market, Malviya Nagar, New Delhi, Delhi 110017, India",,New Delhi,"Old Market, Malviya Nagar",110017,Delhi,IN,+91 98703 66733,9.20E+11,https://www.instagram.com/olipocafe?igsh=Y3NwdTZyeWxsOGFx,4.9,224,ChIJcxhadADjDDkRCPuvcI9Ale4,https://www.google.com/maps/search/?api=1&query=Olipo%20cafe%20%26%20Best%20coffee%20cafe%20in%20malviya%20nagar&query_place_id=ChIJcxhadADjDDkRCPuvcI9Ale4,FALSE,FALSE,"₹200–1,000",,Original scrape (files 1-3)
15,Food & Cafes,Parkash Bakery - Bakery Shop In Malviya Nagar,Bakery,"Shop No. 22, Main Market, Old Market, Malviya Nagar, New Delhi, Delhi 110017, India","Shop No. 22, Main Market",New Delhi,"Old Market, Malviya Nagar",110017,Delhi,IN,+91 98911 11603,9.20E+11,https://www.instagram.com/parkashbakery_?igsh=MW1mNndsNjMyMzdtMA==,3.8,334,ChIJkS1LsBjiDDkRIykbboK6Qo0,https://www.google.com/maps/search/?api=1&query=Parkash%20Bakery%20-%20Bakery%20Shop%20In%20Malviya%20Nagar&query_place_id=ChIJkS1LsBjiDDkRIykbboK6Qo0,FALSE,FALSE,₹200–400,,Original scrape (files 1-3)
16,Food & Cafes,Rose Cafe,Cafe,"G6R and G7R1, Ground Floor, Eldeco Centre, Block A, Shivalik Colony, Malviya Nagar, New Delhi, Delhi 110017",G6R and G7R1,New Delhi,Malviya Nagar,110017,Delhi,IN,+91 98990 55665,9.20E+11,,4.1,3938,ChIJP7ynB-ThDDkRefXHodun2uQ,https://www.google.com/maps/place/?q=place_id:ChIJP7ynB-ThDDkRefXHodun2uQ,FALSE,FALSE,,,Google Places (collected 30-Jul-2026)
17,Food & Cafes,Sagar Ratna,South Indian restaurant,"Sagar Ratna Complex, C - 2, Main Market, Guru Gobind Singh Marg, Old Market, Block C, Malviya Nagar, New Delhi, Delhi 110017, India","Sagar Ratna Complex, C - 2, Main Market, Guru Gobind Singh Marg",New Delhi,"Old Market, Block C, Malviya Nagar",110017,Delhi,IN,+91 11 4036 6881,9.11E+11,http://www.sagarratna.in/,4.1,2849,ChIJnzLT_xviDDkRQ4FyPIHIj-s,https://www.google.com/maps/search/?api=1&query=Sagar%20Ratna&query_place_id=ChIJnzLT_xviDDkRQ4FyPIHIj-s,FALSE,FALSE,₹200–400,,Original scrape (files 1-3)
18,Food & Cafes,Street Foods by Punjab Grill- Malviya Nagar,North Indian restaurant,"ground floor, Unit Nos. A-1 to A-4, C-6, Block C, Geetanjali Enclave, Malviya Nagar, New Delhi, Delhi 110017, India","ground floor, Unit Nos. A-1 to A-4, C-6",New Delhi,"Old Market, Block C, Geetanjali Enclave, Malviya Nagar",110017,Delhi,IN,+91 84480 96558,9.18E+11,https://stores.lbf.co.in/store-pages/street-foods-by-punjab-grill-malviya-nagar-new-delhi/,4.8,206,ChIJNYOidw_hDDkR0Ew02bgauW8,https://www.google.com/maps/search/?api=1&query=Street%20Foods%20by%20Punjab%20Grill-%20Malviya%20Nagar&query_place_id=ChIJNYOidw_hDDkR0Ew02bgauW8,FALSE,FALSE,₹200–400,,Original scrape (files 1-3)
19,Food & Cafes,"TAN COFFEE | Shivalik, Delhi",Coffee shop,"C-73, Shivalik Rd, Block C, Malviya Nagar, New Delhi, Delhi 110017",C-73,New Delhi,Malviya Nagar,110017,Delhi,IN,+91 93114 00684,9.19E+11,,4.8,402,ChIJB0P-z7bjDDkRYBHoFmJVvf4,https://www.google.com/maps/place/?q=place_id:ChIJB0P-z7bjDDkRYBHoFmJVvf4,FALSE,FALSE,,,Google Places (collected 30-Jul-2026)
20,Food & Cafes,The Belgian Waffle Co,Dessert restaurant,"Shop No 4, Ground Floor, Bhalla Sadan, Building No 17, Saket, New Delhi, Delhi 110017, India","Shop No 4, Ground Floor, Bhalla Sadan, Building No 17",New Delhi,"Ashok Vihar, Saket",110017,Delhi,IN,+91 86578 91043,9.19E+11,https://thebelgianwaffle.co/,4.3,175,ChIJgTWe1f_hDDkRz9qysFaOL6A,https://www.google.com/maps/search/?api=1&query=The%20Belgian%20Waffle%20Co&query_place_id=ChIJgTWe1f_hDDkRz9qysFaOL6A,FALSE,FALSE,₹200–400,,Original scrape (files 1-3)
21,Food & Cafes,Verma Bakery,Bakery,"976-b/7, Old Post Office St, Ward Number 1, Mehrauli Village, Mehrauli, New Delhi, Delhi 110030, India","976-b/7, Old Post Office St",New Delhi,"Ward Number 1, Mehrauli Village, Mehrauli",110030,Delhi,IN,+91 98114 43993,9.20E+11,https://vermabakery.carrd.co/,3.8,177,ChIJv7rA2A4eDTkRJeO_x7PawLM,https://www.google.com/maps/search/?api=1&query=Verma%20Bakery&query_place_id=ChIJv7rA2A4eDTkRJeO_x7PawLM,FALSE,FALSE,"₹1–1,000",,Original scrape (files 1-3)
22,Shopping,Bangalore Diamond House,Novelty store,"G6P6+MH3, Basement, Guru Gobind Singh Marg, Block C, Malviya Nagar, New Delhi, Delhi 110017, India","G6P6+MH3, Basement, Guru Gobind Singh Marg",New Delhi,"Old Market, Block C, Malviya Nagar",110017,Delhi,IN,,,,2.7,18,ChIJm_syARziDDkRx3LoYZETB7M,https://www.google.com/maps/search/?api=1&query=Bangalore%20Diamond%20House&query_place_id=ChIJm_syARziDDkRx3LoYZETB7M,FALSE,FALSE,,,Original scrape (files 1-3)
23,Shopping,Cash Your Gold Om Shiv Jewellers,Gold dealer,"LGF - signature plaza, Main Market, A-55, Old Market, Shivalik Colony, Malviya Nagar, New Delhi, Delhi 110017, India","LGF - signature plaza, Main Market, A-55",New Delhi,"Old Market, Shivalik Colony, Malviya Nagar",110017,Delhi,IN,,,,5,4,ChIJQ7EGSZXjDDkROl_oA6bo9GY,https://www.google.com/maps/search/?api=1&query=Cash%20Your%20Gold%20Om%20Shiv%20Jewellers&query_place_id=ChIJQ7EGSZXjDDkROl_oA6bo9GY,FALSE,FALSE,,,Original scrape (files 1-3)
24,Shopping,Chaudhary Super Store,General store,"1b, Guru Gobind Singh Marg, near Hanuman Mandir, Old Market, Shivalik Colony, Malviya Nagar, New Delhi, Delhi 110017, India","1b, Guru Gobind Singh Marg, near Hanuman Mandir",New Delhi,"Old Market, Shivalik Colony, Malviya Nagar",110017,Delhi,IN,+91 98996 43604,9.20E+11,,3.8,135,ChIJZ6kPTRniDDkRqwxqpJUNOjk,https://www.google.com/maps/search/?api=1&query=Chaudhary%20Super%20Store&query_place_id=ChIJZ6kPTRniDDkRqwxqpJUNOjk,FALSE,FALSE,,,Original scrape (files 1-3)
25,Shopping,Cuty Fancy Dress Zone,Costume store,"H-15/7, Park, Gol Chakkar, opp. Captain Hitesh Mehta Marg, near by Malviya Nagar, Block H 6, Malviya Nagar, New Delhi, Delhi 110017, India","H-15/7, Park, Gol Chakkar, opp. Captain Hitesh Mehta Marg, near by Malviya Nagar",New Delhi,"Block H 6, Malviya Nagar",110017,Delhi,IN,+91 92115 39359,9.19E+11,,4,52,ChIJ1cRljB3iDDkRGMSRsbvkOgY,https://www.google.com/maps/search/?api=1&query=Cuty%20Fancy%20Dress%20Zone&query_place_id=ChIJ1cRljB3iDDkRGMSRsbvkOgY,FALSE,FALSE,,,Original scrape (files 1-3)
26,Shopping,Fashion Plaza,Clothing store,"3, Guru Gobind Singh Marg, below Central Bank of India, Old Market, Block C, Malviya Nagar, New Delhi, Delhi 110017, India","3, Guru Gobind Singh Marg, below Central Bank of India",New Delhi,"Old Market, Block C, Malviya Nagar",110017,Delhi,IN,+91 11 4052 9734,9.11E+11,,4.9,8,ChIJkS1LsBjiDDkR8z24Rb4AqbM,https://www.google.com/maps/search/?api=1&query=Fashion%20Plaza&query_place_id=ChIJkS1LsBjiDDkR8z24Rb4AqbM,FALSE,FALSE,,,Original scrape (files 1-3)
27,Shopping,Kanha Garments,Clothing store,"Ground Floor, Malviya Nagar Market, 90/64B, Malviya Nagar, New Delhi, Delhi 110017, India","Ground Floor, Malviya Nagar Market, 90/64B",New Delhi,Malviya Nagar,110017,Delhi,IN,+91 11 4106 3417,9.11E+11,,4.1,83,ChIJo02qvR7iDDkR_AKh-ce8YTk,https://www.google.com/maps/search/?api=1&query=Kanha%20Garments&query_place_id=ChIJo02qvR7iDDkR_AKh-ce8YTk,FALSE,FALSE,,,Original scrape (files 1-3)
28,Shopping,M/s. Dakhna Store,Grocery store,"Shop No. 7, Main Market, Malviya Nagar, New Delhi, Delhi 110017, India","Shop No. 7, Main Market, Malviya Nagar",New Delhi,"Old Market, Malviya Nagar",110017,Delhi,IN,+91 11 2668 1332,9.11E+11,,,,ChIJpWdWrR7iDDkRBwr6o5PUzlI,https://www.google.com/maps/search/?api=1&query=M%2Fs.%20Dakhna%20Store&query_place_id=ChIJpWdWrR7iDDkRBwr6o5PUzlI,FALSE,FALSE,,,Original scrape (files 1-3)
29,Shopping,Max,Shopping mall,"Main Market, C Block 8, next to Haldiram's, Malviya Nagar, New Delhi, Delhi 110017, India","Main Market, C Block 8, next to Haldiram's",New Delhi,"Old Market, Block C, Malviya Nagar",110017,Delhi,IN,+91 88008 25799,9.19E+11,https://stores.maxfashion.in/max-malviya-nagar-shopping-centre-malviya-nagar-new-delhi-130431/Home?utm_source=locator&utm_medium=googleplaces,3.9,381,ChIJRX1mVVTjDDkRq9HHQyoaGIc,https://www.google.com/maps/search/?api=1&query=Max&query_place_id=ChIJRX1mVVTjDDkRq9HHQyoaGIc,FALSE,FALSE,,,Original scrape (files 1-3)
30,Shopping,MiArcus,Baby store,"Ground Floor, C-8, Pocket 8, Sector C, Malviya Nagar, New Delhi, Delhi 110017, India","Ground Floor, C-8",New Delhi,"Pocket 8, Sector C, Malviya Nagar",110017,Delhi,IN,,,http://www.miarcus.com/,4.8,102,ChIJj1uVcJcdDTkRFPsZyJtpmkM,https://www.google.com/maps/search/?api=1&query=MiArcus&query_place_id=ChIJj1uVcJcdDTkRFPsZyJtpmkM,FALSE,FALSE,,,Original scrape (files 1-3)
31,Shopping,Neelam Fab,Clothing store,"GF Shop, 6, Guru Gobind Singh Marg, Old Market, Malviya Nagar, New Delhi, Delhi 110017, India","GF Shop, 6, Guru Gobind Singh Marg",New Delhi,"Old Market, Malviya Nagar",110017,Delhi,IN,+91 90130 09009,9.19E+11,https://www.neelamfab.in/,4.6,47,ChIJmxRQqR7iDDkRoIhh3oxMDWA,https://www.google.com/maps/search/?api=1&query=Neelam%20Fab&query_place_id=ChIJmxRQqR7iDDkRoIhh3oxMDWA,FALSE,FALSE,,,Original scrape (files 1-3)
32,Shopping,New Chhatwal Electrical,Electronics store,"Shop No. 1, New Market, Malviya Nagar, New Delhi, Delhi 110017, India","Shop No. 1, New Market",New Delhi,"Old Market, Shivalik Colony, Malviya Nagar",110017,Delhi,IN,+91 98182 26363,9.20E+11,,3.9,190,ChIJo2oETxniDDkRIR3ijORq-wQ,https://www.google.com/maps/search/?api=1&query=New%20Chhatwal%20Electrical&query_place_id=ChIJo2oETxniDDkRIR3ijORq-wQ,FALSE,FALSE,,,Original scrape (files 1-3)
33,Shopping,New Janta Book Depot,Book store,"Main Market, D-85, Shivalik Rd, Shvalik, DDA Flats, Malviya Nagar, New Delhi, Delhi 110017, India","Main Market, D-85, Shivalik Rd",New Delhi,"Shvalik, DDA Flats, Malviya Nagar",110017,Delhi,IN,+91 98110 29298,9.20E+11,,4.2,838,ChIJAXoPPBziDDkRiTCZNxebi-s,https://www.google.com/maps/search/?api=1&query=New%20Janta%20Book%20Depot&query_place_id=ChIJAXoPPBziDDkRiTCZNxebi-s,FALSE,FALSE,,"Warm, sprawling venue for all kinds of books, including academic volumes and children's titles, as well as art supplies.",Original scrape (files 1-3)
34,Shopping,Royal Shoes,Shoe store,"Shop No - 10, Main, Old Market, Malviya Nagar, Delhi, 110017, India","Shop No - 10, Main","Delhi, New Delhi","Old Market, Malviya Nagar",110017,Delhi,IN,+91 74000 51010,9.17E+11,https://www.facebook.com/profile.php?id=61555880010181&mibextid=opq0tG,4.3,78,ChIJcaJcrB7iDDkRYwOOnk6nvLw,https://www.google.com/maps/search/?api=1&query=Royal%20Shoes&query_place_id=ChIJcaJcrB7iDDkRYwOOnk6nvLw,FALSE,FALSE,,,Original scrape (files 1-3)
35,Shopping,SK Jewellers,Jewelry store,"C-6 Ground floor,Main Market, Malviya Nagar, New Delhi, Delhi 110017, India","C-6 Ground floor,Main Market",New Delhi,"Old Market, Block C, Malviya Nagar",110017,Delhi,IN,+91 85860 48080,9.19E+11,,3.8,96,ChIJo646QxziDDkRO19ve6GLllg,https://www.google.com/maps/search/?api=1&query=SK%20Jewellers&query_place_id=ChIJo646QxziDDkRO19ve6GLllg,FALSE,FALSE,,,Original scrape (files 1-3)
36,Shopping,Sahni Watch House,Watch store,"21, Main Market, Guru Gobind Singh Marg, Malviya Nagar, New Delhi, Delhi 110017, India","21, Main Market, Guru Gobind Singh Marg",New Delhi,"Old Market, Malviya Nagar",110017,Delhi,IN,+91 11 2668 8435,9.11E+11,,3.7,208,ChIJkS1LsBjiDDkRqkE3rFS13ow,https://www.google.com/maps/search/?api=1&query=Sahni%20Watch%20House&query_place_id=ChIJkS1LsBjiDDkRqkE3rFS13ow,FALSE,FALSE,,,Original scrape (files 1-3)
37,Shopping,Selection House,Clothing store,"603, 2, Central Rd, Jangpura, Samman Bazar, Bhogal, New Delhi, Delhi 110014, India","603, 2, Central Rd",New Delhi,"Jangpura, Samman Bazar, Bhogal",110014,Delhi,IN,+91 78381 21181,9.18E+11,,4.9,17,ChIJM8EzrQfjDDkRV26zq3ayMio,https://www.google.com/maps/search/?api=1&query=Selection%20House&query_place_id=ChIJM8EzrQfjDDkRV26zq3ayMio,FALSE,FALSE,,,Original scrape (files 1-3)
38,Shopping,Sleepwell Gallery - Ramsons Furnishings,Mattress store,"Main Market, Shop No 30, Old, nearby Neelam Fab, Malviya Nagar, New Delhi, Delhi 110017, India","Main Market, Shop No 30, Old, nearby Neelam Fab",New Delhi,"Old Market, Malviya Nagar",110017,Delhi,IN,+91 8071 640 348,9.18E+11,https://storesnearme.mysleepwell.com/%20sleepwell/mattress-stores-in-new-delhi/mattress-stores-in-Malviya-Nagar/sleepwell-gallery-ramsons-in-Malviya-Nagar-new-delhi--6fgOfN/home,4.5,90,ChIJpTtUqB7iDDkRKl7SBtuROXY,https://www.google.com/maps/search/?api=1&query=Sleepwell%20Gallery%20-%20Ramsons%20Furnishings&query_place_id=ChIJpTtUqB7iDDkRKl7SBtuROXY,FALSE,FALSE,,,Original scrape (files 1-3)
39,Shopping,The Gift Shop,Gift shop,"Main Market, 14, Malviya Nagar, New Delhi, Delhi 110017, India","Main Market, 14",New Delhi,"Old Market, Malviya Nagar",110017,Delhi,IN,+91 11 4183 1153,9.11E+11,,4.5,21,ChIJi_FNrB7iDDkRxxjQ0u7qjyQ,https://www.google.com/maps/search/?api=1&query=The%20Gift%20Shop&query_place_id=ChIJi_FNrB7iDDkRxxjQ0u7qjyQ,FALSE,FALSE,,,Original scrape (files 1-3)
40,Shopping,The Mobile Lounge,Cell phone store,"Shop No - 21, New Market, Block B, Shivalik Colony, Malviya Nagar, New Delhi, Delhi 110017",Shop No - 21,New Delhi,Malviya Nagar,110017,Delhi,IN,+91 88004 45522,9.19E+11,,4.6,299,ChIJkf9OOBniDDkREaO53f2vsWU,https://www.google.com/maps/place/?q=place_id:ChIJkf9OOBniDDkREaO53f2vsWU,FALSE,FALSE,,,Google Places (collected 30-Jul-2026)
41,Shopping,Vals Men,Men's clothing store,"A55, Old Market, Block A, Shivalik Colony, Malviya Nagar, New Delhi, Delhi 110017, India",A55,New Delhi,"Old Market, Block A, Shivalik Colony, Malviya Nagar",110017,Delhi,IN,+91 11 4183 0003,9.11E+11,https://www.instagram.com/vals.men?igsh=MWJ3azgyOHcyc3dyeQ==,4.5,194,ChIJ1YvqRBniDDkRhn4ijZxuKuc,https://www.google.com/maps/search/?api=1&query=Vals%20Men&query_place_id=ChIJ1YvqRBniDDkRhn4ijZxuKuc,FALSE,FALSE,,,Original scrape (files 1-3)
42,Shopping,Verma Home Appliances,Countertop store,"Shop no. 3, Old Market, Malviya Nagar, New Delhi, Delhi 110017, India",Shop no. 3,New Delhi,"Old Market, Malviya Nagar",110017,Delhi,IN,+91 98181 28812,9.20E+11,http://www.vermahomestore.com/,4.6,151,ChIJm7GqTRniDDkR_NuY8J30aWY,https://www.google.com/maps/search/?api=1&query=Verma%20Home%20Appliances&query_place_id=ChIJm7GqTRniDDkR_NuY8J30aWY,FALSE,FALSE,,,Original scrape (files 1-3)
43,Shopping,guru kripa garments,Men's clothing store,"Palika Bazar, Siddharth Nagar, Sector 9, Malviya Nagar, Jaipur, Rajasthan 302017, India",,Jaipur,"Palika Bazar, Siddharth Nagar, Sector 9, Malviya Nagar",302017,Rajasthan,IN,+91 97993 84455,9.20E+11,,5,112,ChIJTS6qhwq2bTkRZXMZHDgb6cU,https://www.google.com/maps/search/?api=1&query=guru%20kripa%20garments&query_place_id=ChIJTS6qhwq2bTkRZXMZHDgb6cU,FALSE,FALSE,,,Original scrape (files 1-3)
44,Beauty & Healthcare,Anand Chemist,Drug store,"Shop No. 1 & 2, A-78,, Malviya Nagar, New Delhi, Delhi 110070, India","Shop No. 1 & 2, A-78,, Malviya Nagar",New Delhi,"Kishangarh Village, Vasant Kunj",110070,Delhi,IN,+91 98110 34726,9.20E+11,,5,14,ChIJQZ6mVhniDDkRiPi5p7fOHm4,https://www.google.com/maps/search/?api=1&query=Anand%20Chemist&query_place_id=ChIJQZ6mVhniDDkRiPi5p7fOHm4,FALSE,FALSE,,,Original scrape (files 1-3)
45,Beauty & Healthcare,Apollo Pharmacy Malviya Nagar,Pharmacy,"Shop No 18, Old Market, Shivalik Colony, Malviya Nagar, New Delhi, Delhi 110017",Shop No 18,New Delhi,Malviya Nagar,110017,Delhi,IN,+91 11 4007 3120,9.11E+11,,4,99,ChIJtzGpUx7iDDkRZF1Rq5NMLjI,https://www.google.com/maps/place/?q=place_id:ChIJtzGpUx7iDDkRZF1Rq5NMLjI,FALSE,FALSE,,,Google Places (collected 30-Jul-2026)
46,Beauty & Healthcare,CHITRA MAKEOVERS,Make-up artist,"G-6/1, near Arora associate, Block G, Malviya Nagar, New Delhi, Delhi 110017",G-6/1,New Delhi,Malviya Nagar,110017,Delhi,IN,+91 95604 72217,9.20E+11,,4.8,485,ChIJ9x7NEfLjDDkRN6284Ec8Njo,https://www.google.com/maps/place/?q=place_id:ChIJ9x7NEfLjDDkRN6284Ec8Njo,FALSE,FALSE,,,Google Places (collected 30-Jul-2026)
47,Beauty & Healthcare,"Clove Dental Clinic - Shivalik, Delhi",Dental clinic,"Shivalik Rd, Block B, Shivalik Colony, Malviya Nagar, New Delhi, Delhi 110017",Shivalik Rd,New Delhi,Malviya Nagar,110017,Delhi,IN,+91 11 6927 1072,9.11E+11,,4.8,2333,ChIJ_5e_Kx3iDDkRWEptFcA7wFg,https://www.google.com/maps/place/?q=place_id:ChIJ_5e_Kx3iDDkRWEptFcA7wFg,FALSE,FALSE,,,Google Places (collected 30-Jul-2026)
48,Beauty & Healthcare,"Geetanjali Salon - Malviya Nagar, New Delhi",Beauty salon,"No A/11, Khirki Main Road, Block A, Shivalik Colony, Malviya Nagar, New Delhi, Delhi 110017",No A/11,New Delhi,Malviya Nagar,110017,Delhi,IN,+91 11 4608 1566,9.11E+11,,4.5,1472,ChIJfzS40wLiDDkROXMgM_NKLic,https://www.google.com/maps/place/?q=place_id:ChIJfzS40wLiDDkROXMgM_NKLic,FALSE,FALSE,,,Google Places (collected 30-Jul-2026)
49,Beauty & Healthcare,"Geetanjali Studio - Malviya Nagar, New Delhi",Beauty salon,"No 4, Gitanjali Malviya Nagar Rd, Old Market, Malviya Nagar, New Delhi, Delhi 110017",No 4,New Delhi,Malviya Nagar,110017,Delhi,IN,+91 11 4709 2051,9.11E+11,,4.7,224,ChIJvVMUYt3jDDkRjBN38dI5G00,https://www.google.com/maps/place/?q=place_id:ChIJvVMUYt3jDDkRjBN38dI5G00,FALSE,FALSE,,,Google Places (collected 30-Jul-2026)
50,Beauty & Healthcare,Guardian Pharmacy,Pharmacy,"Shop No 26, Old Market, Malviya Nagar, New Delhi, Delhi, 110017, India",Shop No 26,"New Delhi, Delhi","Old Market, Malviya Nagar",110017,Delhi,IN,+91 74285 36226,9.17E+11,,4.2,10,ChIJAUGPbQbjDDkR-YcrdKyPFKY,https://www.google.com/maps/search/?api=1&query=Guardian%20Pharmacy&query_place_id=ChIJAUGPbQbjDDkR-YcrdKyPFKY,FALSE,FALSE,,,Original scrape (files 1-3)
51,Beauty & Healthcare,Hair Dynasty Unisex Salon,Beauty salon,"15/199, Ground floor, Shivalik Rd, Block E, Malviya Nagar, New Delhi, Delhi 110017",15/199,New Delhi,Malviya Nagar,110017,Delhi,IN,+91 96509 17386,9.20E+11,,4.9,149,ChIJswFNx7PhDDkR8s31EHsXuHs,https://www.google.com/maps/place/?q=place_id:ChIJswFNx7PhDDkR8s31EHsXuHs,FALSE,FALSE,,,Google Places (collected 30-Jul-2026)
52,Beauty & Healthcare,La Vida Unisex Salon,Beauty salon,"E2, 14, Guru Gobind Singh Marg, Block E, Malviya Nagar, New Delhi, Delhi 110017",E2,New Delhi,Malviya Nagar,110017,Delhi,IN,+91 84471 62994,9.18E+11,,4.8,218,ChIJN-uYpOrjDDkR42AVmqvLpPU,https://www.google.com/maps/place/?q=place_id:ChIJN-uYpOrjDDkR42AVmqvLpPU,FALSE,FALSE,,,Google Places (collected 30-Jul-2026)
53,Beauty & Healthcare,Lenskart.com Flagship Store at Malviya Nagar (First Lens Replacement Free),Optician,"C 3, Ground Floor, Main Market, Malviya Nagar, New Delhi, Delhi 110017, India","C 3, Ground Floor, Main Market",New Delhi,"Old Market, Block C, Malviya Nagar",110017,Delhi,IN,+91 99584 81482,9.20E+11,https://www.lenskart.com/stores/lenskart-com-Lenskart.com-Flagship-Store-at-Malviya-Nagar-Malviya-Nagar-New-Delhi-646569/Home,4.8,3689,ChIJH842ABziDDkROqoGNH1kNK4,https://www.google.com/maps/search/?api=1&query=Lenskart.com%20Flagship%20Store%20at%20Malviya%20Nagar%20(First%20Lens%20Replacement%20Free)&query_place_id=ChIJH842ABziDDkROqoGNH1kNK4,FALSE,FALSE,,,Original scrape (files 1-3)
54,Beauty & Healthcare,"Nailashes - Malviya Nagar, New Delhi",Beauty salon,"Shop No 1, Lower Ground Floor, C-2, below Sagar Ratna, Old Market, Block C, Malviya Nagar, New Delhi, Delhi 110017, India","Shop No 1, Lower Ground Floor, C-2, below Sagar Ratna",New Delhi,"Old Market, Block C, Malviya Nagar",110017,Delhi,IN,+91 95131 69938,9.20E+11,https://studio.nailashes.in/malviya-nagar-new-delhi-46008/home?utm_source=GBP,4.5,37,ChIJZyHX5KXjDDkRrPeIj4-ZR3c,https://www.google.com/maps/search/?api=1&query=Nailashes%20-%20Malviya%20Nagar%2C%20New%20Delhi&query_place_id=ChIJZyHX5KXjDDkRrPeIj4-ZR3c,FALSE,FALSE,,,Original scrape (files 1-3)
55,Beauty & Healthcare,Narang Bros.,Pharmacy,"E-1, 10, Malviya Nagar Rd, Block E, Malviya Nagar, New Delhi, Delhi 110017",E-1,New Delhi,Malviya Nagar,110017,Delhi,IN,+91 11 4160 3535,9.11E+11,,4.2,107,ChIJuUkqVBziDDkR7XuKFoVQvZo,https://www.google.com/maps/place/?q=place_id:ChIJuUkqVBziDDkR7XuKFoVQvZo,FALSE,FALSE,,,Google Places (collected 30-Jul-2026)
56,Beauty & Healthcare,New Javed men salon,Barber shop,"75 A, shop 4, ITI backside, Mahalaxmi jeweler lane, Malviya Nagar, New Delhi, Delhi 110017",75 A,New Delhi,Malviya Nagar,110017,Delhi,IN,+91 96545 03092,9.20E+11,,4.9,271,ChIJJQQrPLHjDDkRcFqdPqJeUBg,https://www.google.com/maps/place/?q=place_id:ChIJJQQrPLHjDDkRcFqdPqJeUBg,FALSE,FALSE,,,Google Places (collected 30-Jul-2026)
57,Beauty & Healthcare,One Bharat Pharmacy - Malviya Nagar,Pharmacy,"Ground Floor, Shop 15/199, Block E, Malviya Nagar, New Delhi, Delhi 110017",Ground Floor,New Delhi,Malviya Nagar,110017,Delhi,IN,+91 92897 28280,9.19E+11,,4.9,74,ChIJQ_fHqdfjDDkR_NZqbKL-cRI,https://www.google.com/maps/place/?q=place_id:ChIJQ_fHqdfjDDkR_NZqbKL-cRI,FALSE,FALSE,,,Google Places (collected 30-Jul-2026)
58,Beauty & Healthcare,"Portfolio Salon - Malviya Nagar, New Delhi",Hair salon,"1st Floor, Main Market, C-5, above KFC, Old Market, Block C, Malviya Nagar, New Delhi, Delhi 110017",1st Floor,New Delhi,Malviya Nagar,110017,Delhi,IN,+91 98997 12001,9.20E+11,,4.5,710,ChIJbSNyTTcdDTkRVPG4Tv2DorY,https://www.google.com/maps/place/?q=place_id:ChIJbSNyTTcdDTkRVPG4Tv2DorY,FALSE,FALSE,,,Google Places (collected 30-Jul-2026)
59,Beauty & Healthcare,RD Nails,Nail salon,"Shop No 2, C-4, opp. Moti Sweets, near KFC, Old Market, Block C, Malviya Nagar, New Delhi, Delhi 110017, India","Shop No 2, C-4, opp. Moti Sweets, near KFC",New Delhi,"Old Market, Block C, Malviya Nagar",110017,Delhi,IN,+91 98701 68112,9.20E+11,https://rdnails.com/,4.4,201,ChIJH2akV8_jDDkRxxtWYDUGjQw,https://www.google.com/maps/search/?api=1&query=RD%20Nails&query_place_id=ChIJH2akV8_jDDkRxxtWYDUGjQw,FALSE,FALSE,,,Original scrape (files 1-3)
60,Beauty & Healthcare,Raman Medicos,Pharmacy,"90, 35A, Malviya Nagar Rd, Old Market, Khirki Extension, Malviya Nagar, New Delhi, Delhi 110017",90,New Delhi,Malviya Nagar,110017,Delhi,IN,+91 99103 00888,9.20E+11,,4.7,129,ChIJIxocpB7iDDkRzPm_TjoFl3Q,https://www.google.com/maps/place/?q=place_id:ChIJIxocpB7iDDkRzPm_TjoFl3Q,FALSE,FALSE,,,Google Places (collected 30-Jul-2026)
61,Beauty & Healthcare,SUNNYHAIRPORT,Hair salon,"A-89, Block A, Shivalik Colony, Malviya Nagar, New Delhi, Delhi 110017",A-89,New Delhi,Malviya Nagar,110017,Delhi,IN,+91 98188 40719,9.20E+11,,4.7,2075,ChIJYZ1xk-rjDDkReJw7aW17XKQ,https://www.google.com/maps/place/?q=place_id:ChIJYZ1xk-rjDDkReJw7aW17XKQ,FALSE,FALSE,,,Google Places (collected 30-Jul-2026)
62,Beauty & Healthcare,Saj Sajja,Cosmetics store,"Main Market, 14, Guru Gobind Singh Marg, Malviya Nagar, New Delhi, Delhi 110017, India","Main Market, 14, Guru Gobind Singh Marg",New Delhi,"Old Market, Malviya Nagar",110017,Delhi,IN,+91 98711 16123,9.20E+11,,4.1,15,ChIJFecFrR7iDDkR0ZYWGycyadw,https://www.google.com/maps/search/?api=1&query=Saj%20Sajja&query_place_id=ChIJFecFrR7iDDkR0ZYWGycyadw,FALSE,FALSE,,,Original scrape (files 1-3)
63,Beauty & Healthcare,Shiva Professional Mehendi Artist,Make-up artist,"Shop C5, KFC, Basement, Block H 6, Malviya Nagar, New Delhi, Delhi 110017, India","Shop C5, KFC, Basement",New Delhi,"Block H 6, Malviya Nagar",110017,Delhi,IN,+91 92894 40527,9.19E+11,,2.3,3,ChIJOehfd6TjDDkR2qICXHSWqU0,https://www.google.com/maps/search/?api=1&query=Shiva%20Professional%20Mehendi%20Artist&query_place_id=ChIJOehfd6TjDDkR2qICXHSWqU0,FALSE,FALSE,,,Original scrape (files 1-3)
64,Beauty & Healthcare,THE NAIL LASH,Nail salon,"ground floor, Shop No- 3, A-78, next to Chili Pepper, New Delhi, Delhi 110017, India","ground floor, Shop No- 3, A-78, next to Chili Pepper",New Delhi,"Old Market, Malviya Nagar",110017,Delhi,IN,,,,5,2,ChIJt1lo9RLjDDkRttwRbBoiaNA,https://www.google.com/maps/search/?api=1&query=THE%20NAIL%20LASH&query_place_id=ChIJt1lo9RLjDDkRttwRbBoiaNA,FALSE,FALSE,,,Original scrape (files 1-3)
65,Beauty & Healthcare,The Eye Shop,Optician,"C-5 LGF KFC Basement Main market, Malviya Nagar, New Delhi, Delhi 110017, India",C-5 LGF KFC Basement Main market,New Delhi,"Block K, Malviya Nagar",110017,Delhi,IN,+91 97118 99422,9.20E+11,,4.4,10,ChIJ5dvEuuHhDDkRvOcEY4APtQA,https://www.google.com/maps/search/?api=1&query=The%20Eye%20Shop&query_place_id=ChIJ5dvEuuHhDDkRvOcEY4APtQA,FALSE,FALSE,,,Original scrape (files 1-3)
66,Beauty & Healthcare,"Titan Eye+ at Malvia Nagar, New Delhi (Buy 1 Get 1 Free)",Optician,"C-10, Guru Gobind Singh Marg Malviya Nagar, Delhi, NCR, New Delhi, Delhi 110017, India","C-10, Guru Gobind Singh Marg Malviya Nagar, Delhi, NCR",New Delhi,"Old Market, Block C, Malviya Nagar",110017,Delhi,IN,+91 11 4109 0515,9.11E+11,https://www.titaneyeplus.com/stores/india/national-capital-territory-of-delhi/new-delhi/titan-eye-malviya-nagar,4.9,3883,ChIJK38tARziDDkR40-RA2e4R00,https://www.google.com/maps/search/?api=1&query=Titan%20Eye%2B%20at%20Malvia%20Nagar%2C%20New%20Delhi%20(Buy%201%20Get%201%20Free)&query_place_id=ChIJK38tARziDDkR40-RA2e4R00,FALSE,FALSE,,,Original scrape (files 1-3)
67,Beauty & Healthcare,V. G. & Co Chemist,Drug store,"J1, 16B, Khirki Extension, Malviya Nagar, New Delhi, Delhi 110017",J1,New Delhi,Malviya Nagar,110017,Delhi,IN,+91 97117 22444,9.20E+11,,5,242,ChIJu3dB6B_iDDkR8JhvRO17sas,https://www.google.com/maps/place/?q=place_id:ChIJu3dB6B_iDDkR8JhvRO17sas,FALSE,FALSE,,,Google Places (collected 30-Jul-2026)
68,Local Services,AAJ Laundry Malviya Nagar,Laundry,"C30, Sarai Shahji, Panchsheel Vihar, Sheikh Sarai Village, Malviya Nagar, New Delhi, Delhi 110017",C30,New Delhi,Malviya Nagar,110017,Delhi,IN,+91 98181 80069,9.20E+11,,5,61,ChIJn53oy-nhDDkRKp6sz90yPyo,https://www.google.com/maps/place/?q=place_id:ChIJn53oy-nhDDkRKp6sz90yPyo,FALSE,FALSE,,,Google Places (collected 30-Jul-2026)
69,Local Services,AK ELECTRONICS MART,Mobile phone repair shop,"J-3/60, near Krishna Mandir, Block G, Khirki Extension, Malviya Nagar, New Delhi, Delhi 110017",J-3/60,New Delhi,Malviya Nagar,110017,Delhi,IN,+91 99533 32915,9.20E+11,,5,278,ChIJ8fwYGY3jDDkRaqujc7UYs-8,https://www.google.com/maps/place/?q=place_id:ChIJ8fwYGY3jDDkRaqujc7UYs-8,FALSE,FALSE,,,Google Places (collected 30-Jul-2026)
70,Local Services,Behl Prints & CSC - Malviya Nagar H Block,Print shop,"Captain Hitesh Mehta Marg, Block H 6, Malviya Nagar, New Delhi, Delhi 110017",Captain Hitesh Mehta Marg,New Delhi,Malviya Nagar,110017,Delhi,IN,,,,5,2,ChIJq1KPPQDjDDkRlQJUZvrhY68,https://www.google.com/maps/place/?q=place_id:ChIJq1KPPQDjDDkRlQJUZvrhY68,FALSE,FALSE,,,Google Places (collected 30-Jul-2026)
71,Local Services,Citi Dry Cleaners- Dry clean Shop in Malviya Nagar,Dry cleaner,"Main Market, Old Market, Malviya Nagar, New Delhi, Delhi 110017, India",Main Market,New Delhi,"Old Market, Malviya Nagar",110017,Delhi,IN,+91 96544 42180,9.20E+11,,3.9,46,ChIJG646VxniDDkRBthVtdc9ACo,https://www.google.com/maps/search/?api=1&query=Citi%20Dry%20Cleaners-%20Dry%20clean%20Shop%20in%20Malviya%20Nagar&query_place_id=ChIJG646VxniDDkRBthVtdc9ACo,FALSE,FALSE,,,Original scrape (files 1-3)
72,Local Services,DIGI E PRINT SOLUTIONS,Print shop,"Shop No 36D, Hauz Rani Rd, Gandhi Park, Malviya Nagar, New Delhi, Delhi 110017",Shop No 36D,New Delhi,Malviya Nagar,110017,Delhi,IN,+91 97177 01980,9.20E+11,,5,35,ChIJ8eAainrhDDkRmcfkiQENlVs,https://www.google.com/maps/place/?q=place_id:ChIJ8eAainrhDDkRmcfkiQENlVs,FALSE,FALSE,,,Google Places (collected 30-Jul-2026)
73,Local Services,Fix Me Mobile,Mobile phone repair shop,"Main Market, C31, Block C, Malviya Nagar, New Delhi, Delhi 110017",Main Market,New Delhi,Malviya Nagar,110017,Delhi,IN,+91 98713 84538,9.20E+11,,4.9,99,ChIJlWTWK-_jDDkR11Qys6NmKWc,https://www.google.com/maps/place/?q=place_id:ChIJlWTWK-_jDDkR11Qys6NmKWc,FALSE,FALSE,,,Google Places (collected 30-Jul-2026)
74,Local Services,Home Care Dry Cleaner - Sofa & Carpet Cleaning,Laundry,"T 32, Khirki Extension, Malviya Nagar, New Delhi, Delhi 110017",T 32,New Delhi,Malviya Nagar,110017,Delhi,IN,+91 96546 69186,9.20E+11,,4.8,237,ChIJk3Ifv2PjDDkR6daptEjl2Ow,https://www.google.com/maps/place/?q=place_id:ChIJk3Ifv2PjDDkR6daptEjl2Ow,FALSE,FALSE,,,Google Places (collected 30-Jul-2026)
75,Local Services,Hussain Enterprises,Internet cafe,"Shop No. 6, B-134, Panchsheel Vihar, Sheikh Sarai Village, Malviya Nagar, New Delhi, Delhi 110017",Shop No. 6,New Delhi,Malviya Nagar,110017,Delhi,IN,+91 78275 55077,9.18E+11,,4.9,69,ChIJ7RgLAqXjDDkRNENqyJEW3Vg,https://www.google.com/maps/place/?q=place_id:ChIJ7RgLAqXjDDkRNENqyJEW3Vg,FALSE,FALSE,,,Google Places (collected 30-Jul-2026)
76,Local Services,Kaka Tailors & Drapers,Men's tailor,"8 old market, Malviya Nagar, New Delhi, Delhi 110017, India",8 old market,New Delhi,"Old Market, Malviya Nagar",110017,Delhi,IN,+91 98110 08101,9.20E+11,,3.2,37,ChIJcScTrB7iDDkRu5q_yifWO-A,https://www.google.com/maps/search/?api=1&query=Kaka%20Tailors%20%26%20Drapers&query_place_id=ChIJcScTrB7iDDkRu5q_yifWO-A,FALSE,FALSE,,,Original scrape (files 1-3)
77,Local Services,Laundrywale.in,Laundry,"E-Block Rd, Block E, Malviya Nagar, New Delhi, Delhi 110017",E-Block Rd,New Delhi,Malviya Nagar,110017,Delhi,IN,+91 93151 62603,9.19E+11,,4.9,45,ChIJ6a4oqT_WhoARwas0JovqlZE,https://www.google.com/maps/place/?q=place_id:ChIJ6a4oqT_WhoARwas0JovqlZE,FALSE,FALSE,,,Google Places (collected 30-Jul-2026)
78,Local Services,MEDIAPRINTS,Print shop,"F2, 1, Block F, Malviya Nagar, New Delhi, Delhi 110017",F2,New Delhi,Malviya Nagar,110017,Delhi,IN,+91 98219 09508,9.20E+11,,5,99,ChIJpXso_RziDDkRay8kf5xcaik,https://www.google.com/maps/place/?q=place_id:ChIJpXso_RziDDkRay8kf5xcaik,FALSE,FALSE,,,Google Places (collected 30-Jul-2026)
79,Local Services,Mr Washer Laundry & Dry Clean Services,Laundry,"JC-36, Khirki Ext Rd, Sarai Shahji, Khirki Extension, Malviya Nagar, New Delhi, Delhi 110017",JC-36,New Delhi,Malviya Nagar,110017,Delhi,IN,+91 82855 73724,9.18E+11,,4.8,385,ChIJla5KpR7jDDkR9vdHBDgt5zE,https://www.google.com/maps/place/?q=place_id:ChIJla5KpR7jDDkR9vdHBDgt5zE,FALSE,FALSE,,,Google Places (collected 30-Jul-2026)
80,Local Services,New Deluxe Dry Cleaners,Dry cleaner,"C 6, Malviya Nagar, Basement, next to Domino's/KFC, New Delhi, Delhi 110017, India","C 6, Malviya Nagar, Basement, next to Domino's/KFC",New Delhi,"Old Market, Block C, Malviya Nagar",110017,Delhi,IN,+91 98185 37700,9.20E+11,,4.8,331,ChIJnzLT_xviDDkRzA91U_MIDcc,https://www.google.com/maps/search/?api=1&query=New%20Deluxe%20Dry%20Cleaners&query_place_id=ChIJnzLT_xviDDkRzA91U_MIDcc,FALSE,FALSE,,,Original scrape (files 1-3)
81,Local Services,New Snow White Drycleaning,Laundry,"Laxmi Narayan Mandir, near Airtel office market, Block C, Malviya Nagar, New Delhi, Delhi 110017",Laxmi Narayan Mandir,New Delhi,Malviya Nagar,110017,Delhi,IN,+91 97185 97046,9.20E+11,,5,22,ChIJTf2Q6uDjDDkRVVFJrxro4cQ,https://www.google.com/maps/place/?q=place_id:ChIJTf2Q6uDjDDkRVVFJrxro4cQ,FALSE,FALSE,,,Google Places (collected 30-Jul-2026)
82,Local Services,New fancy dry cleaners,Dry cleaner,"Shop No. 29, Moti Sweets lane, Old Market, Malviya Nagar, New Delhi, Delhi 110017, India","Shop No. 29, Moti Sweets lane",New Delhi,"Old Market, Malviya Nagar",110017,Delhi,IN,+91 88600 00083,9.19E+11,,3.5,54,ChIJtUCqqR7iDDkRyX3ThmO8xpw,https://www.google.com/maps/search/?api=1&query=New%20fancy%20dry%20cleaners&query_place_id=ChIJtUCqqR7iDDkRyX3ThmO8xpw,FALSE,FALSE,,,Original scrape (files 1-3)
83,Local Services,Printout Shop,Print shop,"D-86, Malviya Nagar Rd, Shivalik, DDA Flats, Malviya Nagar, New Delhi, Delhi 110017",D-86,New Delhi,Malviya Nagar,110017,Delhi,IN,+91 99104 57663,9.20E+11,,4.9,314,ChIJ-x_DbjrjDDkRXaNtiE27zSo,https://www.google.com/maps/place/?q=place_id:ChIJ-x_DbjrjDDkRXaNtiE27zSo,FALSE,FALSE,,,Google Places (collected 30-Jul-2026)
84,Local Services,Ravi Bros,Courier service,"G-15/1, Shop No. 8, Block G 16, Malviya Nagar, New Delhi, Delhi 110017",G-15/1,New Delhi,Malviya Nagar,110017,Delhi,IN,+91 98188 93828,9.20E+11,,4.6,121,ChIJeQxO8R3iDDkR4xgvUkoKIEI,https://www.google.com/maps/place/?q=place_id:ChIJeQxO8R3iDDkR4xgvUkoKIEI,FALSE,FALSE,,,Google Places (collected 30-Jul-2026)
85,Local Services,SUKHIJA PRINTS,Print shop,"F2/2, UGF, Gole Chakkar, Ram Lal Sethi Marg, Block F, Malviya Nagar, New Delhi, Delhi 110017",F2/2,New Delhi,Malviya Nagar,110017,Delhi,IN,+91 98714 10604,9.20E+11,,4.3,90,ChIJxz4N1_fhDDkRkcG8EFV9RR0,https://www.google.com/maps/place/?q=place_id:ChIJxz4N1_fhDDkRkcG8EFV9RR0,FALSE,FALSE,,,Google Places (collected 30-Jul-2026)
86,Local Services,Sardar ji computerized key maker,Locksmith,"Lal Gumbad Basti, Panchsheel Park South, Malviya Nagar, New Delhi, Delhi 110017, India",,New Delhi,"Lal Gumbad Basti, Panchsheel Park South, Malviya Nagar",110017,Delhi,IN,+91 93061 46049,9.19E+11,https://sardar-ji-computerized-malviya-nagar-new-delhi.grexa.site/,4.9,65,ChIJl2GELGLjDDkROELNpqnqbzU,https://www.google.com/maps/search/?api=1&query=Sardar%20ji%20computerized%20key%20maker&query_place_id=ChIJl2GELGLjDDkROELNpqnqbzU,FALSE,FALSE,,,Original scrape (files 1-3)
87,Local Services,Sengar Tailor's,Tailor,"90/37-A, Shop No.6, behind ITI, Main Market, Malviya Nagar, New Delhi, Delhi 110017",90/37-A,New Delhi,Malviya Nagar,110017,Delhi,IN,+91 99901 57762,9.20E+11,,4.7,15,ChIJ-Rf-zh3iDDkRg1Lw_b0-p3s,https://www.google.com/maps/place/?q=place_id:ChIJ-Rf-zh3iDDkRg1Lw_b0-p3s,FALSE,FALSE,,,Google Places (collected 30-Jul-2026)
88,Local Services,Super Dry Cleaners,Laundry,"Shop No. 1, Gurudwara Market, Captain Hitesh Mehta Marg, Block L, Malviya Nagar, New Delhi, Delhi 110017",Shop No. 1,New Delhi,Malviya Nagar,110017,Delhi,IN,+91 98991 22252,9.20E+11,,4.6,94,ChIJBzvgvx3iDDkR1ettWNbvwVI,https://www.google.com/maps/place/?q=place_id:ChIJBzvgvx3iDDkR1ettWNbvwVI,FALSE,FALSE,,,Google Places (collected 30-Jul-2026)
89,Local Services,Welldone Tailors & Drapers,Tailor,"Ground floor, 80/22-B, Block 80, Shivalik, Malviya Nagar, New Delhi, Delhi 110017",Ground floor,New Delhi,Malviya Nagar,110017,Delhi,IN,+91 98187 17196,9.20E+11,,4.5,38,ChIJnxdp7R3iDDkRl0cplNokI7o,https://www.google.com/maps/place/?q=place_id:ChIJnxdp7R3iDDkRl0cplNokI7o,FALSE,FALSE,,,Google Places (collected 30-Jul-2026)
90,Local Services,i MOBILE FIX PRO,Mobile phone repair shop,"Shop No 3, JE 16/A, Gupta Colony, Khirki Extension, Malviya Nagar, New Delhi, Delhi 110017",Shop No 3,New Delhi,Malviya Nagar,110017,Delhi,IN,+91 88028 16181,9.19E+11,,4.8,25,ChIJRbano6zjDDkRHcV5KpcNWQE,https://www.google.com/maps/place/?q=place_id:ChIJRbano6zjDDkRHcV5KpcNWQE,FALSE,FALSE,,,Google Places (collected 30-Jul-2026)
